Classification,Year,Period,Period Desc.,Aggregate Level,Is Leaf Code,Trade Flow Code,Trade Flow,Reporter Code,Reporter,Reporter ISO,Partner Code,Partner,Partner ISO,2nd Partner Code,2nd Partner,2nd Partner ISO,Customs Proc. Code,Customs,Mode of Transport Code,Mode of Transport,Commodity Code,Commodity,Qty Unit Code,Qty Unit,Qty,Alt Qty Unit Code,Alt Qty Unit,Alt Qty,Netweight (kg),Gross weight (kg),Trade Value (US$),CIF Trade Value (US$),FOB Trade Value (US$),Flag
H4,2016,2016,2016,0,0,1,Import,8,Albania,ALB,0,World,WLD,,,,,,,,TOTAL,All Commodities,1,No Quantity,,,,,,,4669289913,,,0
H4,2016,2016,2016,0,0,2,Export,8,Albania,ALB,0,World,WLD,,,,,,,,TOTAL,All Commodities,1,No Quantity,,,,,,,1962117416,,,0
H4,2016,2016,2016,0,0,1,Import,12,Algeria,DZA,0,World,WLD,,,,,,,,TOTAL,All Commodities,1,No Quantity,,,,,,,47090683586,,,0
H4,2016,2016,2016,0,0,2,Export,12,Algeria,DZA,0,World,WLD,,,,,,,,TOTAL,All Commodities,1,No Quantity,,,,,,,29992101470,,,0
H4,2016,2016,2016,0,0,1,Import,31,Azerbaijan,AZE,0,World,WLD,,,,,,,,TOTAL,All Commodities,1,No Quantity,,,,,,,8515807069,,,0
H4,2016,2016,2016,0,0,2,Export,31,Azerbaijan,AZE,0,World,WLD,,,,,,,,TOTAL,All Commodities,1,No Quantity,,,,,,,9066506235,,,0
H4,2016,2016,2016,0,0,1,Import,32,Argentina,ARG,0,World,WLD,,,,,,,,TOTAL,All Commodities,1,No Quantity,,,,,,,55609517491,,,0
H4,2016,2016,2016,0,0,2,Export,32,Argentina,ARG,0,World,WLD,,,,,,,,TOTAL,All Commodities,1,No Quantity,,,,,,,57733350414,,,0
H4,2016,2016,2016,0,0,4,Re-Import,32,Argentina,ARG,0,World,WLD,,,,,,,,TOTAL,All Commodities,1,No Quantity,,,,,,,31009045,,,0
H4,2016,2016,2016,0,0,1,Import,36,Australia,AUS,0,World,WLD,,,,,,,,TOTAL,All Commodities,1,No Quantity,,,,,,,189406027941,,,0
H4,2016,2016,2016,0,0,2,Export,36,Australia,AUS,0,World,WLD,,,,,,,,TOTAL,All Commodities,1,No Quantity,,,,,,,189629974559,,,0
H4,2016,2016,2016,0,0,4,Re-Import,36,Australia,AUS,0,World,WLD,,,,,,,,TOTAL,All Commodities,1,No Quantity,,,,,,,668523643,,,0
H4,2016,2016,2016,0,0,1,Import,48,Bahrain,BHR,0,World,WLD,,,,,,,,TOTAL,All Commodities,1,No Quantity,,,,,,,14748539854,,,0
H4,2016,2016,2016,0,0,2,Export,48,Bahrain,BHR,0,World,WLD,,,,,,,,TOTAL,All Commodities,1,No Quantity,,,,,,,12892354638,,,0
H4,2016,2016,2016,0,0,3,Re-Export,48,Bahrain,BHR,0,World,WLD,,,,,,,,TOTAL,All Commodities,1,No Quantity,,,,,,,1905404284,,,0
H4,2016,2016,2016,0,0,1,Import,51,Armenia,ARM,0,World,WLD,,,,,,,,TOTAL,All Commodities,1,No Quantity,,,,,,,3218457706,,,0
H4,2016,2016,2016,0,0,2,Export,51,Armenia,ARM,0,World,WLD,,,,,,,,TOTAL,All Commodities,1,No Quantity,,,,,,,1807789510,,,0
H4,2016,2016,2016,0,0,3,Re-Export,51,Armenia,ARM,0,World,WLD,,,,,,,,TOTAL,All Commodities,1,No Quantity,,,,,,,163898279,,,0
H4,2016,2016,2016,0,0,4,Re-Import,51,Armenia,ARM,0,World,WLD,,,,,,,,TOTAL,All Commodities,1,No Quantity,,,,,,,5831041,,,0
H4,2016,2016,2016,0,0,1,Import,56,Belgium,BEL,0,World,WLD,,,,,,,,TOTAL,All Commodities,1,No Quantity,,,,,,,372712712544,,,0
H4,2016,2016,2016,0,0,2,Export,56,Belgium,BEL,0,World,WLD,,,,,,,,TOTAL,All Commodities,1,No Quantity,,,,,,,398033265360,,,0
H4,2016,2016,2016,0,0,1,Import,60,Bermuda,BMU,0,World,WLD,,,,,,,,TOTAL,All Commodities,1,No Quantity,,,,,,,971429410,,,0
H4,2016,2016,2016,0,0,2,Export,60,Bermuda,BMU,0,World,WLD,,,,,,,,TOTAL,All Commodities,1,No Quantity,,,,,,,8317389,,,0
H4,2016,2016,2016,0,0,1,Import,68,Bolivia (Plurinational State of),BOL,0,World,WLD,,,,,,,,TOTAL,All Commodities,1,No Quantity,,,,,,,8426932948,,,0
H4,2016,2016,2016,0,0,2,Export,68,Bolivia (Plurinational State of),BOL,0,World,WLD,,,,,,,,TOTAL,All Commodities,1,No Quantity,,,,,,,7081932558,,,0
H4,2016,2016,2016,0,0,1,Import,70,Bosnia Herzegovina,BIH,0,World,WLD,,,,,,,,TOTAL,All Commodities,1,No Quantity,,,,,,,9129611317,,,0
H4,2016,2016,2016,0,0,2,Export,70,Bosnia Herzegovina,BIH,0,World,WLD,,,,,,,,TOTAL,All Commodities,1,No Quantity,,,,,,,5326732452,,,0
H4,2016,2016,2016,0,0,1,Import,72,Botswana,BWA,0,World,WLD,,,,,,,,TOTAL,All Commodities,1,No Quantity,,,,,,,6102721575,,,0
H4,2016,2016,2016,0,0,2,Export,72,Botswana,BWA,0,World,WLD,,,,,,,,TOTAL,All Commodities,1,No Quantity,,,,,,,7320705826,,,0
H4,2016,2016,2016,0,0,1,Import,76,Brazil,BRA,0,World,WLD,,,,,,,,TOTAL,All Commodities,1,No Quantity,,,,,,,137552002466,,,0
H4,2016,2016,2016,0,0,2,Export,76,Brazil,BRA,0,World,WLD,,,,,,,,TOTAL,All Commodities,1,No Quantity,,,,,,,185235399101,,,0
H4,2016,2016,2016,0,0,1,Import,84,Belize,BLZ,0,World,WLD,,,,,,,,TOTAL,All Commodities,1,No Quantity,,,,,,,952493786,,,0
H4,2016,2016,2016,0,0,2,Export,84,Belize,BLZ,0,World,WLD,,,,,,,,TOTAL,All Commodities,1,No Quantity,,,,,,,246162629,,,0
H4,2016,2016,2016,0,0,3,Re-Export,84,Belize,BLZ,0,World,WLD,,,,,,,,TOTAL,All Commodities,1,No Quantity,,,,,,,45299440,,,0
H4,2016,2016,2016,0,0,1,Import,90,Solomon Isds,SLB,0,World,WLD,,,,,,,,TOTAL,All Commodities,1,No Quantity,,,,,,,453853633,,,0
H4,2016,2016,2016,0,0,2,Export,90,Solomon Isds,SLB,0,World,WLD,,,,,,,,TOTAL,All Commodities,1,No Quantity,,,,,,,437303074,,,0
H4,2016,2016,2016,0,0,3,Re-Export,90,Solomon Isds,SLB,0,World,WLD,,,,,,,,TOTAL,All Commodities,1,No Quantity,,,,,,,2925382,,,0
H4,2016,2016,2016,0,0,1,Import,100,Bulgaria,BGR,0,World,WLD,,,,,,,,TOTAL,All Commodities,1,No Quantity,,,,,,,28875194742,,,0
H4,2016,2016,2016,0,0,2,Export,100,Bulgaria,BGR,0,World,WLD,,,,,,,,TOTAL,All Commodities,1,No Quantity,,,,,,,26087706087,,,0
H4,2016,2016,2016,0,0,1,Import,104,Myanmar,MMR,0,World,WLD,,,,,,,,TOTAL,All Commodities,1,No Quantity,,,,,,,15695737692,,,0
H4,2016,2016,2016,0,0,2,Export,104,Myanmar,MMR,0,World,WLD,,,,,,,,TOTAL,All Commodities,1,No Quantity,,,,,,,11672717466,,,0
H4,2016,2016,2016,0,0,4,Re-Import,104,Myanmar,MMR,0,World,WLD,,,,,,,,TOTAL,All Commodities,1,No Quantity,,,,,,,40082,,,0
H4,2016,2016,2016,0,0,1,Import,112,Belarus,BLR,0,World,WLD,,,,,,,,TOTAL,All Commodities,1,No Quantity,,,,,,,27609883700,,,0
H4,2016,2016,2016,0,0,2,Export,112,Belarus,BLR,0,World,WLD,,,,,,,,TOTAL,All Commodities,1,No Quantity,,,,,,,23537354500,,,0
H4,2016,2016,2016,0,0,1,Import,116,Cambodia,KHM,0,World,WLD,,,,,,,,TOTAL,All Commodities,1,No Quantity,,,,,,,12371008437,,,0
H4,2016,2016,2016,0,0,2,Export,116,Cambodia,KHM,0,World,WLD,,,,,,,,TOTAL,All Commodities,1,No Quantity,,,,,,,10069331577,,,0
H4,2016,2016,2016,0,0,1,Import,124,Canada,CAN,0,World,WLD,,,,,,,,TOTAL,All Commodities,1,No Quantity,,,,,,,402966133661,,,0
H4,2016,2016,2016,0,0,2,Export,124,Canada,CAN,0,World,WLD,,,,,,,,TOTAL,All Commodities,1,No Quantity,,,,,,,389071103128,,,0
H4,2016,2016,2016,0,0,3,Re-Export,124,Canada,CAN,0,World,WLD,,,,,,,,TOTAL,All Commodities,1,No Quantity,,,,,,,36060877223,,,0
H4,2016,2016,2016,0,0,4,Re-Import,124,Canada,CAN,0,World,WLD,,,,,,,,TOTAL,All Commodities,1,No Quantity,,,,,,,2929533249,,,0
H4,2016,2016,2016,0,0,1,Import,132,Cabo Verde,CPV,0,World,WLD,,,,,,,,TOTAL,All Commodities,1,No Quantity,,,,,,,672160140,,,0
H4,2016,2016,2016,0,0,2,Export,132,Cabo Verde,CPV,0,World,WLD,,,,,,,,TOTAL,All Commodities,1,No Quantity,,,,,,,60361080,,,0
H4,2016,2016,2016,0,0,1,Import,140,Central African Rep.,CAF,0,World,WLD,,,,,,,,TOTAL,All Commodities,1,No Quantity,,,,,,,401319710,,,0
H4,2016,2016,2016,0,0,2,Export,140,Central African Rep.,CAF,0,World,WLD,,,,,,,,TOTAL,All Commodities,1,No Quantity,,,,,,,88451252,,,0
H4,2016,2016,2016,0,0,1,Import,144,Sri Lanka,LKA,0,World,WLD,,,,,,,,TOTAL,All Commodities,1,No Quantity,,,,,,,19500757049,,,0
H4,2016,2016,2016,0,0,2,Export,144,Sri Lanka,LKA,0,World,WLD,,,,,,,,TOTAL,All Commodities,1,No Quantity,,,,,,,10545893296,,,0
H4,2016,2016,2016,0,0,3,Re-Export,144,Sri Lanka,LKA,0,World,WLD,,,,,,,,TOTAL,All Commodities,1,No Quantity,,,,,,,333059855,,,0
H4,2016,2016,2016,0,0,4,Re-Import,144,Sri Lanka,LKA,0,World,WLD,,,,,,,,TOTAL,All Commodities,1,No Quantity,,,,,,,12293,,,0
H4,2016,2016,2016,0,0,1,Import,152,Chile,CHL,0,World,WLD,,,,,,,,TOTAL,All Commodities,1,No Quantity,,,,,,,58804156250,,,0
H4,2016,2016,2016,0,0,2,Export,152,Chile,CHL,0,World,WLD,,,,,,,,TOTAL,All Commodities,1,No Quantity,,,,,,,59884412938,,,0
H4,2016,2016,2016,0,0,4,Re-Import,152,Chile,CHL,0,World,WLD,,,,,,,,TOTAL,All Commodities,1,No Quantity,,,,,,,11580904,,,0
H4,2016,2016,2016,0,0,1,Import,156,China,CHN,0,World,WLD,,,,,,,,TOTAL,All Commodities,1,No Quantity,,,,,,,1587920688162,,,0
H4,2016,2016,2016,0,0,2,Export,156,China,CHN,0,World,WLD,,,,,,,,TOTAL,All Commodities,1,No Quantity,,,,,,,2097637171895,,,0
H4,2016,2016,2016,0,0,1,Import,170,Colombia,COL,0,World,WLD,,,,,,,,TOTAL,All Commodities,1,No Quantity,,,,,,,44831142874,,,0
H4,2016,2016,2016,0,0,2,Export,170,Colombia,COL,0,World,WLD,,,,,,,,TOTAL,All Commodities,1,No Quantity,,,,,,,31044991243,,,0
H4,2016,2016,2016,0,0,1,Import,188,Costa Rica,CRI,0,World,WLD,,,,,,,,TOTAL,All Commodities,1,No Quantity,,,,,,,15321512292,,,0
H4,2016,2016,2016,0,0,2,Export,188,Costa Rica,CRI,0,World,WLD,,,,,,,,TOTAL,All Commodities,1,No Quantity,,,,,,,9907873818,,,0
H4,2016,2016,2016,0,0,1,Import,191,Croatia,HRV,0,World,WLD,,,,,,,,TOTAL,All Commodities,1,No Quantity,,,,,,,21829864971,,,0
H4,2016,2016,2016,0,0,2,Export,191,Croatia,HRV,0,World,WLD,,,,,,,,TOTAL,All Commodities,1,No Quantity,,,,,,,13647534058,,,0
H4,2016,2016,2016,0,0,1,Import,196,Cyprus,CYP,0,World,WLD,,,,,,,,TOTAL,All Commodities,1,No Quantity,,,,,,,6604059335,,,0
H4,2016,2016,2016,0,0,2,Export,196,Cyprus,CYP,0,World,WLD,,,,,,,,TOTAL,All Commodities,1,No Quantity,,,,,,,1920371402,,,0
H4,2016,2016,2016,0,0,3,Re-Export,196,Cyprus,CYP,0,World,WLD,,,,,,,,TOTAL,All Commodities,1,No Quantity,,,,,,,858521710,,,0
H4,2016,2016,2016,0,0,1,Import,203,Czechia,CZE,0,World,WLD,,,,,,,,TOTAL,All Commodities,1,No Quantity,,,,,,,140316182518,,,0
H4,2016,2016,2016,0,0,2,Export,203,Czechia,CZE,0,World,WLD,,,,,,,,TOTAL,All Commodities,1,No Quantity,,,,,,,161247828122,,,0
H4,2016,2016,2016,0,0,4,Re-Import,203,Czechia,CZE,0,World,WLD,,,,,,,,TOTAL,All Commodities,1,No Quantity,,,,,,,32134,,,0
H4,2016,2016,2016,0,0,1,Import,204,Benin,BEN,0,World,WLD,,,,,,,,TOTAL,All Commodities,1,No Quantity,,,,,,,2630157599,,,0
H4,2016,2016,2016,0,0,2,Export,204,Benin,BEN,0,World,WLD,,,,,,,,TOTAL,All Commodities,1,No Quantity,,,,,,,409752038,,,0
H4,2016,2016,2016,0,0,3,Re-Export,204,Benin,BEN,0,World,WLD,,,,,,,,TOTAL,All Commodities,1,No Quantity,,,,,,,81185049,,,0
H4,2016,2016,2016,0,0,4,Re-Import,204,Benin,BEN,0,World,WLD,,,,,,,,TOTAL,All Commodities,1,No Quantity,,,,,,,1808,,,0
H4,2016,2016,2016,0,0,1,Import,208,Denmark,DNK,0,World,WLD,,,,,,,,TOTAL,All Commodities,1,No Quantity,,,,,,,85132609261,,,0
H4,2016,2016,2016,0,0,2,Export,208,Denmark,DNK,0,World,WLD,,,,,,,,TOTAL,All Commodities,1,No Quantity,,,,,,,94354776728,,,0
H4,2016,2016,2016,0,0,1,Import,214,Dominican Rep.,DOM,0,World,WLD,,,,,,,,TOTAL,All Commodities,1,No Quantity,,,,,,,17788807960,,,0
H4,2016,2016,2016,0,0,2,Export,214,Dominican Rep.,DOM,0,World,WLD,,,,,,,,TOTAL,All Commodities,1,No Quantity,,,,,,,8744920007,,,0
H4,2016,2016,2016,0,0,1,Import,218,Ecuador,ECU,0,World,WLD,,,,,,,,TOTAL,All Commodities,1,No Quantity,,,,,,,16188692759,,,0
H4,2016,2016,2016,0,0,2,Export,218,Ecuador,ECU,0,World,WLD,,,,,,,,TOTAL,All Commodities,1,No Quantity,,,,,,,16797664624,,,0
H4,2016,2016,2016,0,0,1,Import,222,El Salvador,SLV,0,World,WLD,,,,,,,,TOTAL,All Commodities,1,No Quantity,,,,,,,9854597017,,,0
H4,2016,2016,2016,0,0,2,Export,222,El Salvador,SLV,0,World,WLD,,,,,,,,TOTAL,All Commodities,1,No Quantity,,,,,,,5335380389,,,0
H4,2016,2016,2016,0,0,1,Import,233,Estonia,EST,0,World,WLD,,,,,,,,TOTAL,All Commodities,1,No Quantity,,,,,,,15665080539,,,0
H4,2016,2016,2016,0,0,2,Export,233,Estonia,EST,0,World,WLD,,,,,,,,TOTAL,All Commodities,1,No Quantity,,,,,,,13967444565,,,0
H4,2016,2016,2016,0,0,4,Re-Import,233,Estonia,EST,0,World,WLD,,,,,,,,TOTAL,All Commodities,1,No Quantity,,,,,,,16574111,,,0
H4,2016,2016,2016,0,0,1,Import,242,Fiji,FJI,0,World,WLD,,,,,,,,TOTAL,All Commodities,1,No Quantity,,,,,,,2316409857,,,0
H4,2016,2016,2016,0,0,2,Export,242,Fiji,FJI,0,World,WLD,,,,,,,,TOTAL,All Commodities,1,No Quantity,,,,,,,925878395,,,0
H4,2016,2016,2016,0,0,3,Re-Export,242,Fiji,FJI,0,World,WLD,,,,,,,,TOTAL,All Commodities,1,No Quantity,,,,,,,389510132,,,0
H4,2016,2016,2016,0,0,1,Import,246,Finland,FIN,0,World,WLD,,,,,,,,TOTAL,All Commodities,1,No Quantity,,,,,,,60501949554,,,0
H4,2016,2016,2016,0,0,2,Export,246,Finland,FIN,0,World,WLD,,,,,,,,TOTAL,All Commodities,1,No Quantity,,,,,,,57325871718,,,0
H4,2016,2016,2016,0,0,1,Import,251,France,FRA,0,World,WLD,,,,,,,,TOTAL,All Commodities,1,No Quantity,,,,,,,560554862702,,,0
H4,2016,2016,2016,0,0,2,Export,251,France,FRA,0,World,WLD,,,,,,,,TOTAL,All Commodities,1,No Quantity,,,,,,,488885072443,,,0
H4,2016,2016,2016,0,0,1,Import,268,Georgia,GEO,0,World,WLD,,,,,,,,TOTAL,All Commodities,1,No Quantity,,,,,,,7235769557,,,0
H4,2016,2016,2016,0,0,2,Export,268,Georgia,GEO,0,World,WLD,,,,,,,,TOTAL,All Commodities,1,No Quantity,,,,,,,2113733901,,,0
H4,2016,2016,2016,0,0,3,Re-Export,268,Georgia,GEO,0,World,WLD,,,,,,,,TOTAL,All Commodities,1,No Quantity,,,,,,,455927059,,,0
H4,2016,2016,2016,0,0,4,Re-Import,268,Georgia,GEO,0,World,WLD,,,,,,,,TOTAL,All Commodities,1,No Quantity,,,,,,,4806723,,,0
H4,2016,2016,2016,0,0,1,Import,275,State of Palestine,PSE,0,World,WLD,,,,,,,,TOTAL,All Commodities,1,No Quantity,,,,,,,5363768017,,,0
H4,2016,2016,2016,0,0,2,Export,275,State of Palestine,PSE,0,World,WLD,,,,,,,,TOTAL,All Commodities,1,No Quantity,,,,,,,926498977,,,0
H4,2016,2016,2016,0,0,1,Import,276,Germany,DEU,0,World,WLD,,,,,,,,TOTAL,All Commodities,1,No Quantity,,,,,,,1060672017229,,,0
H4,2016,2016,2016,0,0,2,Export,276,Germany,DEU,0,World,WLD,,,,,,,,TOTAL,All Commodities,1,No Quantity,,,,,,,1340752046170,,,0
H4,2016,2016,2016,0,0,1,Import,288,Ghana,GHA,0,World,WLD,,,,,,,,TOTAL,All Commodities,1,No Quantity,,,,,,,11361004402,,,0
H4,2016,2016,2016,0,0,2,Export,288,Ghana,GHA,0,World,WLD,,,,,,,,TOTAL,All Commodities,1,No Quantity,,,,,,,10655796413,,,0
H4,2016,2016,2016,0,0,4,Re-Import,288,Ghana,GHA,0,World,WLD,,,,,,,,TOTAL,All Commodities,1,No Quantity,,,,,,,94551856,,,0
H4,2016,2016,2016,0,0,1,Import,296,Kiribati,KIR,0,World,WLD,,,,,,,,TOTAL,All Commodities,1,No Quantity,,,,,,,117408350,,,0
H4,2016,2016,2016,0,0,2,Export,296,Kiribati,KIR,0,World,WLD,,,,,,,,TOTAL,All Commodities,1,No Quantity,,,,,,,10512926,,,0
H4,2016,2016,2016,0,0,1,Import,300,Greece,GRC,0,World,WLD,,,,,,,,TOTAL,All Commodities,1,No Quantity,,,,,,,47595035419,,,0
H4,2016,2016,2016,0,0,2,Export,300,Greece,GRC,0,World,WLD,,,,,,,,TOTAL,All Commodities,1,No Quantity,,,,,,,27810924841,,,0
H4,2016,2016,2016,0,0,1,Import,304,Greenland,GRL,0,World,WLD,,,,,,,,TOTAL,All Commodities,1,No Quantity,,,,,,,623038538,,,0
H4,2016,2016,2016,0,0,2,Export,304,Greenland,GRL,0,World,WLD,,,,,,,,TOTAL,All Commodities,1,No Quantity,,,,,,,552503681,,,0
H4,2016,2016,2016,0,0,1,Import,320,Guatemala,GTM,0,World,WLD,,,,,,,,TOTAL,All Commodities,1,No Quantity,,,,,,,16978677827,,,0
H4,2016,2016,2016,0,0,2,Export,320,Guatemala,GTM,0,World,WLD,,,,,,,,TOTAL,All Commodities,1,No Quantity,,,,,,,10591329598,,,0
H4,2016,2016,2016,0,0,1,Import,340,Honduras,HND,0,World,WLD,,,,,,,,TOTAL,All Commodities,1,No Quantity,,,,,,,7912040654,,,0
H4,2016,2016,2016,0,0,2,Export,340,Honduras,HND,0,World,WLD,,,,,,,,TOTAL,All Commodities,1,No Quantity,,,,,,,4084641916,,,0
H4,2016,2016,2016,0,0,1,Import,344,"China, Hong Kong SAR",HKG,0,World,WLD,,,,,,,,TOTAL,All Commodities,1,No Quantity,,,,,,,547124448111,,,0
H4,2016,2016,2016,0,0,2,Export,344,"China, Hong Kong SAR",HKG,0,World,WLD,,,,,,,,TOTAL,All Commodities,1,No Quantity,,,,,,,516588130933,,,0
H4,2016,2016,2016,0,0,3,Re-Export,344,"China, Hong Kong SAR",HKG,0,World,WLD,,,,,,,,TOTAL,All Commodities,1,No Quantity,,,,,,,491062634702,,,0
H4,2016,2016,2016,0,0,4,Re-Import,344,"China, Hong Kong SAR",HKG,0,World,WLD,,,,,,,,TOTAL,All Commodities,1,No Quantity,,,,,,,950681252,,,0
H4,2016,2016,2016,0,0,1,Import,348,Hungary,HUN,0,World,WLD,,,,,,,,TOTAL,All Commodities,1,No Quantity,,,,,,,92044319515,,,0
H4,2016,2016,2016,0,0,2,Export,348,Hungary,HUN,0,World,WLD,,,,,,,,TOTAL,All Commodities,1,No Quantity,,,,,,,103071198017,,,0
H4,2016,2016,2016,0,0,1,Import,352,Iceland,ISL,0,World,WLD,,,,,,,,TOTAL,All Commodities,1,No Quantity,,,,,,,5703240191,,,0
H4,2016,2016,2016,0,0,2,Export,352,Iceland,ISL,0,World,WLD,,,,,,,,TOTAL,All Commodities,1,No Quantity,,,,,,,4449729754,,,0
H4,2016,2016,2016,0,0,1,Import,360,Indonesia,IDN,0,World,WLD,,,,,,,,TOTAL,All Commodities,1,No Quantity,,,,,,,135652799792,,,0
H4,2016,2016,2016,0,0,2,Export,360,Indonesia,IDN,0,World,WLD,,,,,,,,TOTAL,All Commodities,1,No Quantity,,,,,,,144489796418,,,0
H4,2016,2016,2016,0,0,4,Re-Import,360,Indonesia,IDN,0,World,WLD,,,,,,,,TOTAL,All Commodities,1,No Quantity,,,,,,,120311296,,,0
H4,2016,2016,2016,0,0,1,Import,372,Ireland,IRL,0,World,WLD,,,,,,,,TOTAL,All Commodities,1,No Quantity,,,,,,,76996907455,,,0
H4,2016,2016,2016,0,0,2,Export,372,Ireland,IRL,0,World,WLD,,,,,,,,TOTAL,All Commodities,1,No Quantity,,,,,,,129315128071,,,0
H4,2016,2016,2016,0,0,1,Import,376,Israel,ISR,0,World,WLD,,,,,,,,TOTAL,All Commodities,1,No Quantity,,,,,,,65802693000,,,0
H4,2016,2016,2016,0,0,2,Export,376,Israel,ISR,0,World,WLD,,,,,,,,TOTAL,All Commodities,1,No Quantity,,,,,,,60570596000,,,0
H4,2016,2016,2016,0,0,1,Import,381,Italy,ITA,0,World,WLD,,,,,,,,TOTAL,All Commodities,1,No Quantity,,,,,,,404577979401,,,0
H4,2016,2016,2016,0,0,2,Export,381,Italy,ITA,0,World,WLD,,,,,,,,TOTAL,All Commodities,1,No Quantity,,,,,,,461529407062,,,0
H4,2016,2016,2016,0,0,3,Re-Export,381,Italy,ITA,0,World,WLD,,,,,,,,TOTAL,All Commodities,1,No Quantity,,,,,,,13557633915,,,0
H4,2016,2016,2016,0,0,4,Re-Import,381,Italy,ITA,0,World,WLD,,,,,,,,TOTAL,All Commodities,1,No Quantity,,,,,,,5090980621,,,0
H4,2016,2016,2016,0,0,1,Import,388,Jamaica,JAM,0,World,WLD,,,,,,,,TOTAL,All Commodities,1,No Quantity,,,,,,,4767089174,,,0
H4,2016,2016,2016,0,0,2,Export,388,Jamaica,JAM,0,World,WLD,,,,,,,,TOTAL,All Commodities,1,No Quantity,,,,,,,1201786561,,,0
H4,2016,2016,2016,0,0,3,Re-Export,388,Jamaica,JAM,0,World,WLD,,,,,,,,TOTAL,All Commodities,1,No Quantity,,,,,,,104611080,,,0
H4,2016,2016,2016,0,0,4,Re-Import,388,Jamaica,JAM,0,World,WLD,,,,,,,,TOTAL,All Commodities,1,No Quantity,,,,,,,67094,,,0
H4,2016,2016,2016,0,0,1,Import,392,Japan,JPN,0,World,WLD,,,,,,,,TOTAL,All Commodities,1,No Quantity,,,,,,,606924046814,,,0
H4,2016,2016,2016,0,0,2,Export,392,Japan,JPN,0,World,WLD,,,,,,,,TOTAL,All Commodities,1,No Quantity,,,,,,,644932439497,,,0
H4,2016,2016,2016,0,0,1,Import,398,Kazakhstan,KAZ,0,World,WLD,,,,,,,,TOTAL,All Commodities,1,No Quantity,,,,,,,25174778826,,,0
H4,2016,2016,2016,0,0,2,Export,398,Kazakhstan,KAZ,0,World,WLD,,,,,,,,TOTAL,All Commodities,1,No Quantity,,,,,,,36775323403,,,0
H4,2016,2016,2016,0,0,1,Import,400,Jordan,JOR,0,World,WLD,,,,,,,,TOTAL,All Commodities,1,No Quantity,,,,,,,19207038414,,,0
H4,2016,2016,2016,0,0,2,Export,400,Jordan,JOR,0,World,WLD,,,,,,,,TOTAL,All Commodities,1,No Quantity,,,,,,,7509082521,,,0
H4,2016,2016,2016,0,0,3,Re-Export,400,Jordan,JOR,0,World,WLD,,,,,,,,TOTAL,All Commodities,1,No Quantity,,,,,,,1355105621,,,0
H4,2016,2016,2016,0,0,1,Import,410,Rep. of Korea,KOR,0,World,WLD,,,,,,,,TOTAL,All Commodities,1,No Quantity,,,,,,,406181944067,,,0
H4,2016,2016,2016,0,0,2,Export,410,Rep. of Korea,KOR,0,World,WLD,,,,,,,,TOTAL,All Commodities,1,No Quantity,,,,,,,495417715559,,,0
H4,2016,2016,2016,0,0,1,Import,414,Kuwait,KWT,0,World,WLD,,,,,,,,TOTAL,All Commodities,1,No Quantity,,,,,,,30820178692,,,0
H4,2016,2016,2016,0,0,2,Export,414,Kuwait,KWT,0,World,WLD,,,,,,,,TOTAL,All Commodities,1,No Quantity,,,,,,,46241982282,,,0
H4,2016,2016,2016,0,0,1,Import,417,Kyrgyzstan,KGZ,0,World,WLD,,,,,,,,TOTAL,All Commodities,1,No Quantity,,,,,,,3844473299,,,0
H4,2016,2016,2016,0,0,2,Export,417,Kyrgyzstan,KGZ,0,World,WLD,,,,,,,,TOTAL,All Commodities,1,No Quantity,,,,,,,1423028427,,,0
H4,2016,2016,2016,0,0,1,Import,418,Lao People's Dem. Rep.,LAO,0,World,WLD,,,,,,,,TOTAL,All Commodities,1,No Quantity,,,,,,,4107068454,,,0
H4,2016,2016,2016,0,0,2,Export,418,Lao People's Dem. Rep.,LAO,0,World,WLD,,,,,,,,TOTAL,All Commodities,1,No Quantity,,,,,,,3124168977,,,0
H4,2016,2016,2016,0,0,1,Import,422,Lebanon,LBN,0,World,WLD,,,,,,,,TOTAL,All Commodities,1,No Quantity,,,,,,,18702745744,,,0
H4,2016,2016,2016,0,0,2,Export,422,Lebanon,LBN,0,World,WLD,,,,,,,,TOTAL,All Commodities,1,No Quantity,,,,,,,2976561583,,,0
H4,2016,2016,2016,0,0,1,Import,428,Latvia,LVA,0,World,WLD,,,,,,,,TOTAL,All Commodities,1,No Quantity,,,,,,,13595786240,,,0
H4,2016,2016,2016,0,0,2,Export,428,Latvia,LVA,0,World,WLD,,,,,,,,TOTAL,All Commodities,1,No Quantity,,,,,,,11433078234,,,0
H4,2016,2016,2016,0,0,1,Import,440,Lithuania,LTU,0,World,WLD,,,,,,,,TOTAL,All Commodities,1,No Quantity,,,,,,,27349062896,,,0
H4,2016,2016,2016,0,0,2,Export,440,Lithuania,LTU,0,World,WLD,,,,,,,,TOTAL,All Commodities,1,No Quantity,,,,,,,25022652474,,,0
H4,2016,2016,2016,0,0,1,Import,442,Luxembourg,LUX,0,World,WLD,,,,,,,,TOTAL,All Commodities,1,No Quantity,,,,,,,19123618193,,,0
H4,2016,2016,2016,0,0,2,Export,442,Luxembourg,LUX,0,World,WLD,,,,,,,,TOTAL,All Commodities,1,No Quantity,,,,,,,12838381070,,,0
H4,2016,2016,2016,0,0,3,Re-Export,442,Luxembourg,LUX,0,World,WLD,,,,,,,,TOTAL,All Commodities,1,No Quantity,,,,,,,53919442,,,0
H4,2016,2016,2016,0,0,4,Re-Import,442,Luxembourg,LUX,0,World,WLD,,,,,,,,TOTAL,All Commodities,1,No Quantity,,,,,,,176572316,,,0
H4,2016,2016,2016,0,0,1,Import,446,"China, Macao SAR",MAC,0,World,WLD,,,,,,,,TOTAL,All Commodities,1,No Quantity,,,,,,,8924463347,,,0
H4,2016,2016,2016,0,0,2,Export,446,"China, Macao SAR",MAC,0,World,WLD,,,,,,,,TOTAL,All Commodities,1,No Quantity,,,,,,,1256603099,,,0
H4,2016,2016,2016,0,0,3,Re-Export,446,"China, Macao SAR",MAC,0,World,WLD,,,,,,,,TOTAL,All Commodities,1,No Quantity,,,,,,,489693586,,,0
H4,2016,2016,2016,0,0,4,Re-Import,446,"China, Macao SAR",MAC,0,World,WLD,,,,,,,,TOTAL,All Commodities,1,No Quantity,,,,,,,406235,,,0
H4,2016,2016,2016,0,0,1,Import,450,Madagascar,MDG,0,World,WLD,,,,,,,,TOTAL,All Commodities,1,No Quantity,,,,,,,2965336452,,,0
H4,2016,2016,2016,0,0,2,Export,450,Madagascar,MDG,0,World,WLD,,,,,,,,TOTAL,All Commodities,1,No Quantity,,,,,,,2256404530,,,0
H4,2016,2016,2016,0,0,3,Re-Export,450,Madagascar,MDG,0,World,WLD,,,,,,,,TOTAL,All Commodities,1,No Quantity,,,,,,,57364326,,,0
H4,2016,2016,2016,0,0,1,Import,458,Malaysia,MYS,0,World,WLD,,,,,,,,TOTAL,All Commodities,1,No Quantity,,,,,,,168375228233,,,0
H4,2016,2016,2016,0,0,2,Export,458,Malaysia,MYS,0,World,WLD,,,,,,,,TOTAL,All Commodities,1,No Quantity,,,,,,,189414073154,,,0
H4,2016,2016,2016,0,0,4,Re-Import,458,Malaysia,MYS,0,World,WLD,,,,,,,,TOTAL,All Commodities,1,No Quantity,,,,,,,31948233,,,0
H4,2016,2016,2016,0,0,1,Import,462,Maldives,MDV,0,World,WLD,,,,,,,,TOTAL,All Commodities,1,No Quantity,,,,,,,2127968569,,,0
H4,2016,2016,2016,0,0,2,Export,462,Maldives,MDV,0,World,WLD,,,,,,,,TOTAL,All Commodities,1,No Quantity,,,,,,,139592790,,,0
H4,2016,2016,2016,0,0,1,Import,466,Mali,MLI,0,World,WLD,,,,,,,,TOTAL,All Commodities,1,No Quantity,,,,,,,3845404761,,,0
H4,2016,2016,2016,0,0,2,Export,466,Mali,MLI,0,World,WLD,,,,,,,,TOTAL,All Commodities,1,No Quantity,,,,,,,2847593565,,,0
H4,2016,2016,2016,0,0,3,Re-Export,466,Mali,MLI,0,World,WLD,,,,,,,,TOTAL,All Commodities,1,No Quantity,,,,,,,95469238,,,0
H4,2016,2016,2016,0,0,1,Import,470,Malta,MLT,0,World,WLD,,,,,,,,TOTAL,All Commodities,1,No Quantity,,,,,,,7181978806,,,0
H4,2016,2016,2016,0,0,2,Export,470,Malta,MLT,0,World,WLD,,,,,,,,TOTAL,All Commodities,1,No Quantity,,,,,,,4038642974,,,0
H4,2016,2016,2016,0,0,1,Import,478,Mauritania,MRT,0,World,WLD,,,,,,,,TOTAL,All Commodities,1,No Quantity,,,,,,,2173837838,,,0
H4,2016,2016,2016,0,0,2,Export,478,Mauritania,MRT,0,World,WLD,,,,,,,,TOTAL,All Commodities,1,No Quantity,,,,,,,1622761598,,,0
H4,2016,2016,2016,0,0,1,Import,480,Mauritius,MUS,0,World,WLD,,,,,,,,TOTAL,All Commodities,1,No Quantity,,,,,,,4654906199,,,0
H4,2016,2016,2016,0,0,2,Export,480,Mauritius,MUS,0,World,WLD,,,,,,,,TOTAL,All Commodities,1,No Quantity,,,,,,,2193836161,,,0
H4,2016,2016,2016,0,0,3,Re-Export,480,Mauritius,MUS,0,World,WLD,,,,,,,,TOTAL,All Commodities,1,No Quantity,,,,,,,620046703,,,0
H4,2016,2016,2016,0,0,1,Import,484,Mexico,MEX,0,World,WLD,,,,,,,,TOTAL,All Commodities,1,No Quantity,,,,,,,387064351348,,,0
H4,2016,2016,2016,0,0,2,Export,484,Mexico,MEX,0,World,WLD,,,,,,,,TOTAL,All Commodities,1,No Quantity,,,,,,,373892536570,,,0
H4,2016,2016,2016,0,0,1,Import,490,"Other Asia, nes",,0,World,WLD,,,,,,,,TOTAL,All Commodities,1,No Quantity,,,,,,,230930098259,,,0
H4,2016,2016,2016,0,0,2,Export,490,"Other Asia, nes",,0,World,WLD,,,,,,,,TOTAL,All Commodities,1,No Quantity,,,,,,,280478676099,,,0
H4,2016,2016,2016,0,0,1,Import,496,Mongolia,MNG,0,World,WLD,,,,,,,,TOTAL,All Commodities,1,No Quantity,,,,,,,3339603834,,,0
H4,2016,2016,2016,0,0,2,Export,496,Mongolia,MNG,0,World,WLD,,,,,,,,TOTAL,All Commodities,1,No Quantity,,,,,,,4916326458,,,0
H4,2016,2016,2016,0,0,3,Re-Export,496,Mongolia,MNG,0,World,WLD,,,,,,,,TOTAL,All Commodities,1,No Quantity,,,,,,,20401995,,,0
H4,2016,2016,2016,0,0,4,Re-Import,496,Mongolia,MNG,0,World,WLD,,,,,,,,TOTAL,All Commodities,1,No Quantity,,,,,,,5974722,,,0
H4,2016,2016,2016,0,0,1,Import,498,Rep. of Moldova,MDA,0,World,WLD,,,,,,,,TOTAL,All Commodities,1,No Quantity,,,,,,,4020359283,,,0
H4,2016,2016,2016,0,0,2,Export,498,Rep. of Moldova,MDA,0,World,WLD,,,,,,,,TOTAL,All Commodities,1,No Quantity,,,,,,,2044610956,,,0
H4,2016,2016,2016,0,0,3,Re-Export,498,Rep. of Moldova,MDA,0,World,WLD,,,,,,,,TOTAL,All Commodities,1,No Quantity,,,,,,,694406593,,,0
H4,2016,2016,2016,0,0,4,Re-Import,498,Rep. of Moldova,MDA,0,World,WLD,,,,,,,,TOTAL,All Commodities,1,No Quantity,,,,,,,12931986,,,0
H4,2016,2016,2016,0,0,1,Import,499,Montenegro,MNE,0,World,WLD,,,,,,,,TOTAL,All Commodities,1,No Quantity,,,,,,,2262764282,,,0
H4,2016,2016,2016,0,0,2,Export,499,Montenegro,MNE,0,World,WLD,,,,,,,,TOTAL,All Commodities,1,No Quantity,,,,,,,354316464,,,0
H4,2016,2016,2016,0,0,1,Import,504,Morocco,MAR,0,World,WLD,,,,,,,,TOTAL,All Commodities,1,No Quantity,,,,,,,41696101721,,,0
H4,2016,2016,2016,0,0,2,Export,504,Morocco,MAR,0,World,WLD,,,,,,,,TOTAL,All Commodities,1,No Quantity,,,,,,,22858288521,,,0
H4,2016,2016,2016,0,0,1,Import,512,Oman,OMN,0,World,WLD,,,,,,,,TOTAL,All Commodities,1,No Quantity,,,,,,,23260012444,,,0
H4,2016,2016,2016,0,0,2,Export,512,Oman,OMN,0,World,WLD,,,,,,,,TOTAL,All Commodities,1,No Quantity,,,,,,,24454713338,,,0
H4,2016,2016,2016,0,0,1,Import,516,Namibia,NAM,0,World,WLD,,,,,,,,TOTAL,All Commodities,1,No Quantity,,,,,,,6721043529,,,0
H4,2016,2016,2016,0,0,2,Export,516,Namibia,NAM,0,World,WLD,,,,,,,,TOTAL,All Commodities,1,No Quantity,,,,,,,4815846406,,,0
H4,2016,2016,2016,0,0,3,Re-Export,516,Namibia,NAM,0,World,WLD,,,,,,,,TOTAL,All Commodities,1,No Quantity,,,,,,,1820833039,,,0
H4,2016,2016,2016,0,0,4,Re-Import,516,Namibia,NAM,0,World,WLD,,,,,,,,TOTAL,All Commodities,1,No Quantity,,,,,,,11755785,,,0
H4,2016,2016,2016,0,0,1,Import,528,Netherlands,NLD,0,World,WLD,,,,,,,,TOTAL,All Commodities,1,No Quantity,,,,,,,398336339305,,,0
H4,2016,2016,2016,0,0,2,Export,528,Netherlands,NLD,0,World,WLD,,,,,,,,TOTAL,All Commodities,1,No Quantity,,,,,,,444867363311,,,0
H4,2016,2016,2016,0,0,1,Import,533,Aruba,ABW,0,World,WLD,,,,,,,,TOTAL,All Commodities,1,No Quantity,,,,,,,1116855390,,,0
H4,2016,2016,2016,0,0,2,Export,533,Aruba,ABW,0,World,WLD,,,,,,,,TOTAL,All Commodities,1,No Quantity,,,,,,,95029332,,,0
H4,2016,2016,2016,0,0,1,Import,554,New Zealand,NZL,0,World,WLD,,,,,,,,TOTAL,All Commodities,1,No Quantity,,,,,,,36213017538,,,0
H4,2016,2016,2016,0,0,2,Export,554,New Zealand,NZL,0,World,WLD,,,,,,,,TOTAL,All Commodities,1,No Quantity,,,,,,,33869936061,,,0
H4,2016,2016,2016,0,0,3,Re-Export,554,New Zealand,NZL,0,World,WLD,,,,,,,,TOTAL,All Commodities,1,No Quantity,,,,,,,1442978501,,,0
H4,2016,2016,2016,0,0,4,Re-Import,554,New Zealand,NZL,0,World,WLD,,,,,,,,TOTAL,All Commodities,1,No Quantity,,,,,,,145874711,,,0
H4,2016,2016,2016,0,0,1,Import,562,Niger,NER,0,World,WLD,,,,,,,,TOTAL,All Commodities,1,No Quantity,,,,,,,1860691131,,,0
H4,2016,2016,2016,0,0,2,Export,562,Niger,NER,0,World,WLD,,,,,,,,TOTAL,All Commodities,1,No Quantity,,,,,,,927241624,,,0
H4,2016,2016,2016,0,0,1,Import,566,Nigeria,NGA,0,World,WLD,,,,,,,,TOTAL,All Commodities,1,No Quantity,,,,,,,35194301007,,,0
H4,2016,2016,2016,0,0,2,Export,566,Nigeria,NGA,0,World,WLD,,,,,,,,TOTAL,All Commodities,1,No Quantity,,,,,,,32883045467,,,0
H4,2016,2016,2016,0,0,1,Import,579,Norway,NOR,0,World,WLD,,,,,,,,TOTAL,All Commodities,1,No Quantity,,,,,,,72809787770,,,0
H4,2016,2016,2016,0,0,2,Export,579,Norway,NOR,0,World,WLD,,,,,,,,TOTAL,All Commodities,1,No Quantity,,,,,,,89628326847,,,0
H4,2016,2016,2016,0,0,1,Import,585,Palau,PLW,0,World,WLD,,,,,,,,TOTAL,All Commodities,1,No Quantity,,,,,,,153508450,,,0
H4,2016,2016,2016,0,0,2,Export,585,Palau,PLW,0,World,WLD,,,,,,,,TOTAL,All Commodities,1,No Quantity,,,,,,,6539681,,,0
H4,2016,2016,2016,0,0,1,Import,586,Pakistan,PAK,0,World,WLD,,,,,,,,TOTAL,All Commodities,1,No Quantity,,,,,,,46998269105,,,0
H4,2016,2016,2016,0,0,2,Export,586,Pakistan,PAK,0,World,WLD,,,,,,,,TOTAL,All Commodities,1,No Quantity,,,,,,,20533792833,,,0
H4,2016,2016,2016,0,0,3,Re-Export,586,Pakistan,PAK,0,World,WLD,,,,,,,,TOTAL,All Commodities,1,No Quantity,,,,,,,178584750,,,0
H4,2016,2016,2016,0,0,4,Re-Import,586,Pakistan,PAK,0,World,WLD,,,,,,,,TOTAL,All Commodities,1,No Quantity,,,,,,,200472679,,,0
H4,2016,2016,2016,0,0,1,Import,591,Panama,PAN,0,World,WLD,,,,,,,,TOTAL,All Commodities,1,No Quantity,,,,,,,9238038728,,,0
H4,2016,2016,2016,0,0,2,Export,591,Panama,PAN,0,World,WLD,,,,,,,,TOTAL,All Commodities,1,No Quantity,,,,,,,11194931374,,,0
H4,2016,2016,2016,0,0,1,Import,600,Paraguay,PRY,0,World,WLD,,,,,,,,TOTAL,All Commodities,1,No Quantity,,,,,,,9752560122,,,0
H4,2016,2016,2016,0,0,2,Export,600,Paraguay,PRY,0,World,WLD,,,,,,,,TOTAL,All Commodities,1,No Quantity,,,,,,,8501157587,,,0
H4,2016,2016,2016,0,0,1,Import,604,Peru,PER,0,World,WLD,,,,,,,,TOTAL,All Commodities,1,No Quantity,,,,,,,36185035430,,,0
H4,2016,2016,2016,0,0,2,Export,604,Peru,PER,0,World,WLD,,,,,,,,TOTAL,All Commodities,1,No Quantity,,,,,,,36039965420,,,0
H4,2016,2016,2016,0,0,1,Import,616,Poland,POL,0,World,WLD,,,,,,,,TOTAL,All Commodities,1,No Quantity,,,,,,,188517818933,,,0
H4,2016,2016,2016,0,0,2,Export,616,Poland,POL,0,World,WLD,,,,,,,,TOTAL,All Commodities,1,No Quantity,,,,,,,196455269598,,,0
H4,2016,2016,2016,0,0,1,Import,620,Portugal,PRT,0,World,WLD,,,,,,,,TOTAL,All Commodities,1,No Quantity,,,,,,,67631779712,,,0
H4,2016,2016,2016,0,0,2,Export,620,Portugal,PRT,0,World,WLD,,,,,,,,TOTAL,All Commodities,1,No Quantity,,,,,,,55676835792,,,0
H4,2016,2016,2016,0,0,1,Import,634,Qatar,QAT,0,World,WLD,,,,,,,,TOTAL,All Commodities,1,No Quantity,,,,,,,32060069584,,,0
H4,2016,2016,2016,0,0,2,Export,634,Qatar,QAT,0,World,WLD,,,,,,,,TOTAL,All Commodities,1,No Quantity,,,,,,,57310548345,,,0
H4,2016,2016,2016,0,0,1,Import,642,Romania,ROU,0,World,WLD,,,,,,,,TOTAL,All Commodities,1,No Quantity,,,,,,,74604616829,,,0
H4,2016,2016,2016,0,0,2,Export,642,Romania,ROU,0,World,WLD,,,,,,,,TOTAL,All Commodities,1,No Quantity,,,,,,,63581004346,,,0
H4,2016,2016,2016,0,0,1,Import,643,Russian Federation,RUS,0,World,WLD,,,,,,,,TOTAL,All Commodities,1,No Quantity,,,,,,,182257213910,,,0
H4,2016,2016,2016,0,0,2,Export,643,Russian Federation,RUS,0,World,WLD,,,,,,,,TOTAL,All Commodities,1,No Quantity,,,,,,,285491052006,,,0
H4,2016,2016,2016,0,0,1,Import,646,Rwanda,RWA,0,World,WLD,,,,,,,,TOTAL,All Commodities,1,No Quantity,,,,,,,1778279113,,,0
H4,2016,2016,2016,0,0,2,Export,646,Rwanda,RWA,0,World,WLD,,,,,,,,TOTAL,All Commodities,1,No Quantity,,,,,,,621605794,,,0
H4,2016,2016,2016,0,0,3,Re-Export,646,Rwanda,RWA,0,World,WLD,,,,,,,,TOTAL,All Commodities,1,No Quantity,,,,,,,215727748,,,0
H4,2016,2016,2016,0,0,1,Import,662,Saint Lucia,LCA,0,World,WLD,,,,,,,,TOTAL,All Commodities,1,No Quantity,,,,,,,668503690,,,0
H4,2016,2016,2016,0,0,2,Export,662,Saint Lucia,LCA,0,World,WLD,,,,,,,,TOTAL,All Commodities,1,No Quantity,,,,,,,119806601,,,0
H4,2016,2016,2016,0,0,1,Import,682,Saudi Arabia,SAU,0,World,WLD,,,,,,,,TOTAL,All Commodities,1,No Quantity,,,,,,,129795972113,,,0
H4,2016,2016,2016,0,0,2,Export,682,Saudi Arabia,SAU,0,World,WLD,,,,,,,,TOTAL,All Commodities,1,No Quantity,,,,,,,207392236732,,,0
H4,2016,2016,2016,0,0,1,Import,686,Senegal,SEN,0,World,WLD,,,,,,,,TOTAL,All Commodities,1,No Quantity,,,,,,,5477912190,,,0
H4,2016,2016,2016,0,0,2,Export,686,Senegal,SEN,0,World,WLD,,,,,,,,TOTAL,All Commodities,1,No Quantity,,,,,,,2640276916,,,0
H4,2016,2016,2016,0,0,1,Import,688,Serbia,SRB,0,World,WLD,,,,,,,,TOTAL,All Commodities,1,No Quantity,,,,,,,19230912776,,,0
H4,2016,2016,2016,0,0,2,Export,688,Serbia,SRB,0,World,WLD,,,,,,,,TOTAL,All Commodities,1,No Quantity,,,,,,,14851777129,,,0
H4,2016,2016,2016,0,0,1,Import,699,India,IND,0,World,WLD,,,,,,,,TOTAL,All Commodities,1,No Quantity,,,,,,,356704792107,,,0
H4,2016,2016,2016,0,0,2,Export,699,India,IND,0,World,WLD,,,,,,,,TOTAL,All Commodities,1,No Quantity,,,,,,,260326912335,,,0
H4,2016,2016,2016,0,0,1,Import,702,Singapore,SGP,0,World,WLD,,,,,,,,TOTAL,All Commodities,1,No Quantity,,,,,,,283008815863,,,0
H4,2016,2016,2016,0,0,2,Export,702,Singapore,SGP,0,World,WLD,,,,,,,,TOTAL,All Commodities,1,No Quantity,,,,,,,329871041575,,,0
H4,2016,2016,2016,0,0,1,Import,703,Slovakia,SVK,0,World,WLD,,,,,,,,TOTAL,All Commodities,1,No Quantity,,,,,,,75156369856,,,0
H4,2016,2016,2016,0,0,2,Export,703,Slovakia,SVK,0,World,WLD,,,,,,,,TOTAL,All Commodities,1,No Quantity,,,,,,,77565009362,,,0
H4,2016,2016,2016,0,0,4,Re-Import,703,Slovakia,SVK,0,World,WLD,,,,,,,,TOTAL,All Commodities,1,No Quantity,,,,,,,1082537356,,,0
H4,2016,2016,2016,0,0,1,Import,710,South Africa,ZAF,0,World,WLD,,,,,,,,TOTAL,All Commodities,1,No Quantity,,,,,,,74744010293,,,0
H4,2016,2016,2016,0,0,2,Export,710,South Africa,ZAF,0,World,WLD,,,,,,,,TOTAL,All Commodities,1,No Quantity,,,,,,,74110816972,,,0
H4,2016,2016,2016,0,0,4,Re-Import,710,South Africa,ZAF,0,World,WLD,,,,,,,,TOTAL,All Commodities,1,No Quantity,,,,,,,361906316,,,0
H4,2016,2016,2016,0,0,1,Import,716,Zimbabwe,ZWE,0,World,WLD,,,,,,,,TOTAL,All Commodities,1,No Quantity,,,,,,,5211576649,,,0
H4,2016,2016,2016,0,0,2,Export,716,Zimbabwe,ZWE,0,World,WLD,,,,,,,,TOTAL,All Commodities,1,No Quantity,,,,,,,2832310010,,,0
H4,2016,2016,2016,0,0,1,Import,724,Spain,ESP,0,World,WLD,,,,,,,,TOTAL,All Commodities,1,No Quantity,,,,,,,302538874349,,,0
H4,2016,2016,2016,0,0,2,Export,724,Spain,ESP,0,World,WLD,,,,,,,,TOTAL,All Commodities,1,No Quantity,,,,,,,281776673688,,,0
H4,2016,2016,2016,0,0,1,Import,752,Sweden,SWE,0,World,WLD,,,,,,,,TOTAL,All Commodities,1,No Quantity,,,,,,,140725666141,,,0
H4,2016,2016,2016,0,0,2,Export,752,Sweden,SWE,0,World,WLD,,,,,,,,TOTAL,All Commodities,1,No Quantity,,,,,,,139610460248,,,0
H4,2016,2016,2016,0,0,1,Import,757,Switzerland,CHE,0,World,WLD,,,,,,,,TOTAL,All Commodities,1,No Quantity,,,,,,,269157232225,,,0
H4,2016,2016,2016,0,0,2,Export,757,Switzerland,CHE,0,World,WLD,,,,,,,,TOTAL,All Commodities,1,No Quantity,,,,,,,304691297208,,,0
H4,2016,2016,2016,0,0,1,Import,764,Thailand,THA,0,World,WLD,,,,,,,,TOTAL,All Commodities,1,No Quantity,,,,,,,195714246168,,,0
H4,2016,2016,2016,0,0,2,Export,764,Thailand,THA,0,World,WLD,,,,,,,,TOTAL,All Commodities,1,No Quantity,,,,,,,213593429868,,,0
H4,2016,2016,2016,0,0,4,Re-Import,764,Thailand,THA,0,World,WLD,,,,,,,,TOTAL,All Commodities,1,No Quantity,,,,,,,2911323179,,,0
H4,2016,2016,2016,0,0,1,Import,768,Togo,TGO,0,World,WLD,,,,,,,,TOTAL,All Commodities,1,No Quantity,,,,,,,1715643924,,,0
H4,2016,2016,2016,0,0,2,Export,768,Togo,TGO,0,World,WLD,,,,,,,,TOTAL,All Commodities,1,No Quantity,,,,,,,714880308,,,0
H4,2016,2016,2016,0,0,3,Re-Export,768,Togo,TGO,0,World,WLD,,,,,,,,TOTAL,All Commodities,1,No Quantity,,,,,,,148474081,,,0
H4,2016,2016,2016,0,0,1,Import,784,United Arab Emirates,ARE,0,World,WLD,,,,,,,,TOTAL,All Commodities,1,No Quantity,,,,,,,270882074394,,,0
H4,2016,2016,2016,0,0,2,Export,784,United Arab Emirates,ARE,0,World,WLD,,,,,,,,TOTAL,All Commodities,1,No Quantity,,,,,,,298650942398,,,0
H4,2016,2016,2016,0,0,3,Re-Export,784,United Arab Emirates,ARE,0,World,WLD,,,,,,,,TOTAL,All Commodities,1,No Quantity,,,,,,,58632032591,,,0
H4,2016,2016,2016,0,0,1,Import,788,Tunisia,TUN,0,World,WLD,,,,,,,,TOTAL,All Commodities,1,No Quantity,,,,,,,19487207662,,,0
H4,2016,2016,2016,0,0,2,Export,788,Tunisia,TUN,0,World,WLD,,,,,,,,TOTAL,All Commodities,1,No Quantity,,,,,,,13575130953,,,0
H4,2016,2016,2016,0,0,1,Import,792,Turkey,TUR,0,World,WLD,,,,,,,,TOTAL,All Commodities,1,No Quantity,,,,,,,198618235047,,,0
H4,2016,2016,2016,0,0,2,Export,792,Turkey,TUR,0,World,WLD,,,,,,,,TOTAL,All Commodities,1,No Quantity,,,,,,,142529583808,,,0
H4,2016,2016,2016,0,0,1,Import,800,Uganda,UGA,0,World,WLD,,,,,,,,TOTAL,All Commodities,1,No Quantity,,,,,,,4829459128,,,0
H4,2016,2016,2016,0,0,2,Export,800,Uganda,UGA,0,World,WLD,,,,,,,,TOTAL,All Commodities,1,No Quantity,,,,,,,2482313415,,,0
H4,2016,2016,2016,0,0,3,Re-Export,800,Uganda,UGA,0,World,WLD,,,,,,,,TOTAL,All Commodities,1,No Quantity,,,,,,,490579960,,,0
H4,2016,2016,2016,0,0,1,Import,807,TFYR of Macedonia,MKD,0,World,WLD,,,,,,,,TOTAL,All Commodities,1,No Quantity,,,,,,,6757023458,,,0
H4,2016,2016,2016,0,0,2,Export,807,TFYR of Macedonia,MKD,0,World,WLD,,,,,,,,TOTAL,All Commodities,1,No Quantity,,,,,,,4784604593,,,0
H4,2016,2016,2016,0,0,1,Import,818,Egypt,EGY,0,World,WLD,,,,,,,,TOTAL,All Commodities,1,No Quantity,,,,,,,58052631649,,,0
H4,2016,2016,2016,0,0,2,Export,818,Egypt,EGY,0,World,WLD,,,,,,,,TOTAL,All Commodities,1,No Quantity,,,,,,,22507388693,,,0
H4,2016,2016,2016,0,0,4,Re-Import,818,Egypt,EGY,0,World,WLD,,,,,,,,TOTAL,All Commodities,1,No Quantity,,,,,,,744871,,,0
H4,2016,2016,2016,0,0,1,Import,826,United Kingdom,GBR,0,World,WLD,,,,,,,,TOTAL,All Commodities,1,No Quantity,,,,,,,636367936193,,,0
H4,2016,2016,2016,0,0,2,Export,826,United Kingdom,GBR,0,World,WLD,,,,,,,,TOTAL,All Commodities,1,No Quantity,,,,,,,411463355625,,,0
H4,2016,2016,2016,0,0,4,Re-Import,826,United Kingdom,GBR,0,World,WLD,,,,,,,,TOTAL,All Commodities,1,No Quantity,,,,,,,4502600363,,,0
H4,2016,2016,2016,0,0,1,Import,834,United Rep. of Tanzania,TZA,0,World,WLD,,,,,,,,TOTAL,All Commodities,1,No Quantity,,,,,,,7876086602,,,0
H4,2016,2016,2016,0,0,2,Export,834,United Rep. of Tanzania,TZA,0,World,WLD,,,,,,,,TOTAL,All Commodities,1,No Quantity,,,,,,,4741924583,,,0
H4,2016,2016,2016,0,0,1,Import,842,USA,USA,0,World,WLD,,,,,,,,TOTAL,All Commodities,1,No Quantity,,,,,,,2248208943026,,,0
H4,2016,2016,2016,0,0,2,Export,842,USA,USA,0,World,WLD,,,,,,,,TOTAL,All Commodities,1,No Quantity,,,,,,,1450457291215,,,0
H4,2016,2016,2016,0,0,3,Re-Export,842,USA,USA,0,World,WLD,,,,,,,,TOTAL,All Commodities,1,No Quantity,,,,,,,224158097258,,,0
H4,2016,2016,2016,0,0,1,Import,854,Burkina Faso,BFA,0,World,WLD,,,,,,,,TOTAL,All Commodities,1,No Quantity,,,,,,,3342727115,,,0
H4,2016,2016,2016,0,0,2,Export,854,Burkina Faso,BFA,0,World,WLD,,,,,,,,TOTAL,All Commodities,1,No Quantity,,,,,,,2520012338,,,0
H4,2016,2016,2016,0,0,1,Import,858,Uruguay,URY,0,World,WLD,,,,,,,,TOTAL,All Commodities,1,No Quantity,,,,,,,8136629138,,,0
H4,2016,2016,2016,0,0,2,Export,858,Uruguay,URY,0,World,WLD,,,,,,,,TOTAL,All Commodities,1,No Quantity,,,,,,,6963552025,,,0
H4,2016,2016,2016,0,0,4,Re-Import,858,Uruguay,URY,0,World,WLD,,,,,,,,TOTAL,All Commodities,1,No Quantity,,,,,,,24534141,,,0
H4,2016,2016,2016,0,0,1,Import,882,Samoa,WSM,0,World,WLD,,,,,,,,TOTAL,All Commodities,1,No Quantity,,,,,,,349840565,,,0
H4,2016,2016,2016,0,0,2,Export,882,Samoa,WSM,0,World,WLD,,,,,,,,TOTAL,All Commodities,1,No Quantity,,,,,,,56040486,,,0
H3,2016,2016,2016,0,0,1,Import,28,Antigua and Barbuda,ATG,0,World,WLD,,,,,,,,TOTAL,All Commodities,1,No Quantity,,,,,,,490525305,,,0
H3,2016,2016,2016,0,0,2,Export,28,Antigua and Barbuda,ATG,0,World,WLD,,,,,,,,TOTAL,All Commodities,1,No Quantity,,,,,,,61043254,,,0
H3,2016,2016,2016,0,0,3,Re-Export,28,Antigua and Barbuda,ATG,0,World,WLD,,,,,,,,TOTAL,All Commodities,1,No Quantity,,,,,,,59252111,,,0
H3,2016,2016,2016,0,0,1,Import,231,Ethiopia,ETH,0,World,WLD,,,,,,,,TOTAL,All Commodities,1,No Quantity,,,,,,,19120743254,,,0
H3,2016,2016,2016,0,0,2,Export,231,Ethiopia,ETH,0,World,WLD,,,,,,,,TOTAL,All Commodities,1,No Quantity,,,,,,,1723892053,,,0
H3,2016,2016,2016,0,0,3,Re-Export,231,Ethiopia,ETH,0,World,WLD,,,,,,,,TOTAL,All Commodities,1,No Quantity,,,,,,,216443211,,,0
H3,2016,2016,2016,0,0,4,Re-Import,231,Ethiopia,ETH,0,World,WLD,,,,,,,,TOTAL,All Commodities,1,No Quantity,,,,,,,1545837,,,0
H3,2016,2016,2016,0,0,1,Import,270,Gambia,GMB,0,World,WLD,,,,,,,,TOTAL,All Commodities,1,No Quantity,,,,,,,384337736,,,0
H3,2016,2016,2016,0,0,2,Export,270,Gambia,GMB,0,World,WLD,,,,,,,,TOTAL,All Commodities,1,No Quantity,,,,,,,94014948,,,0
H3,2016,2016,2016,0,0,1,Import,328,Guyana,GUY,0,World,WLD,,,,,,,,TOTAL,All Commodities,1,No Quantity,,,,,,,1624985848,,,0
H3,2016,2016,2016,0,0,2,Export,328,Guyana,GUY,0,World,WLD,,,,,,,,TOTAL,All Commodities,1,No Quantity,,,,,,,1452631561,,,0
H3,2016,2016,2016,0,0,3,Re-Export,328,Guyana,GUY,0,World,WLD,,,,,,,,TOTAL,All Commodities,1,No Quantity,,,,,,,142460316,,,0
H3,2016,2016,2016,0,0,1,Import,678,Sao Tome and Principe,STP,0,World,WLD,,,,,,,,TOTAL,All Commodities,1,No Quantity,,,,,,,139352022,,,0
H3,2016,2016,2016,0,0,2,Export,678,Sao Tome and Principe,STP,0,World,WLD,,,,,,,,TOTAL,All Commodities,1,No Quantity,,,,,,,10473934,,,0
H3,2016,2016,2016,0,0,1,Import,690,Seychelles,SYC,0,World,WLD,,,,,,,,TOTAL,All Commodities,1,No Quantity,,,,,,,1647989714,,,0
H3,2016,2016,2016,0,0,2,Export,690,Seychelles,SYC,0,World,WLD,,,,,,,,TOTAL,All Commodities,1,No Quantity,,,,,,,483692193,,,0
H3,2016,2016,2016,0,0,3,Re-Export,690,Seychelles,SYC,0,World,WLD,,,,,,,,TOTAL,All Commodities,1,No Quantity,,,,,,,139944669,,,0
H3,2016,2016,2016,0,0,1,Import,694,Sierra Leone,SLE,0,World,WLD,,,,,,,,TOTAL,All Commodities,1,No Quantity,,,,,,,957927386,,,0
H3,2016,2016,2016,0,0,2,Export,694,Sierra Leone,SLE,0,World,WLD,,,,,,,,TOTAL,All Commodities,1,No Quantity,,,,,,,465595233,,,0
H3,2016,2016,2016,0,0,3,Re-Export,694,Sierra Leone,SLE,0,World,WLD,,,,,,,,TOTAL,All Commodities,1,No Quantity,,,,,,,14105400,,,0
H3,2016,2016,2016,0,0,1,Import,740,Suriname,SUR,0,World,WLD,,,,,,,,TOTAL,All Commodities,1,No Quantity,,,,,,,1174215974,,,0
H3,2016,2016,2016,0,0,2,Export,740,Suriname,SUR,0,World,WLD,,,,,,,,TOTAL,All Commodities,1,No Quantity,,,,,,,1235283176,,,0
H3,2016,2016,2016,0,0,3,Re-Export,740,Suriname,SUR,0,World,WLD,,,,,,,,TOTAL,All Commodities,1,No Quantity,,,,,,,30697665,,,0
H2,2016,2016,2016,0,0,1,Import,4,Afghanistan,AFG,0,World,WLD,,,,,,,,TOTAL,ALL COMMODITIES,1,No Quantity,,,,,,,6534140413,,,0
H2,2016,2016,2016,0,0,2,Export,4,Afghanistan,AFG,0,World,WLD,,,,,,,,TOTAL,ALL COMMODITIES,1,No Quantity,,,,,,,596455337,,,0
H2,2016,2016,2016,0,0,1,Import,52,Barbados,BRB,0,World,WLD,,,,,,,,TOTAL,ALL COMMODITIES,1,No Quantity,,,,,,,1621269759,,,0
H2,2016,2016,2016,0,0,2,Export,52,Barbados,BRB,0,World,WLD,,,,,,,,TOTAL,ALL COMMODITIES,1,No Quantity,,,,,,,516825882,,,0
H2,2016,2016,2016,0,0,3,Re-Export,52,Barbados,BRB,0,World,WLD,,,,,,,,TOTAL,ALL COMMODITIES,1,No Quantity,,,,,,,254789641,,,0
H2,2016,2016,2016,0,0,2,Export,368,Iraq,IRQ,0,World,WLD,,,,,,,,TOTAL,ALL COMMODITIES,1,No Quantity,,,,,,,43774017809,,,0
H2,2016,2016,2016,0,0,1,Import,608,Philippines,PHL,0,World,WLD,,,,,,,,TOTAL,ALL COMMODITIES,1,No Quantity,,,,,,,85908572116,,,0
H2,2016,2016,2016,0,0,2,Export,608,Philippines,PHL,0,World,WLD,,,,,,,,TOTAL,ALL COMMODITIES,1,No Quantity,,,,,,,56312747948,,,0
