thick coley;potato pepper salad french dressing serve;butter;juice grated rind lemon;salt pepper;fresh mint sprigs garnish;soak apricots;chopped fresh coriander;;;;;;;;;;;
breadcrumbs;butter;salt;watercress;milk;fish steaks;sliced lemon;;;;;;;;;;;;
fish fillets flat;salt table;butter print sure;lemon fresh;garlic dehy;;;;;;;;;;;;;;
lemon herb dijon glaze;fresh herb;fish fillets;white wine;;;;;;;;;;;;;;;
worcestershire sauce;pepper sauce;salt;mustard;vinegar;parsley flakes;cornstarch;honey;;;;;;;;;;;
worcestershire sauce;pepper sauce;salt;mustard;vinegar;parsley flakes;cornstarch;honey;;;;;;;;;;;
oysters juice;claw crabmeat;cloves garlic;flour;chopped parsley;chopped celery;peeled shrimp;leaves;frozen okra;shortening;water;salt pepper taste;chopped bell pepper;thyme;diced onion;tomato sauce;;;
brown sugar;chillies;turmeric;cloves garlic;black mustard;salt;chopped onion;inch ginger;white;chopped tomato;garam masala;coriander seeds;sole;lemon juice;bunch coriander;vegetable;fenugreek seeds;;
fish;seasoning taste;onion;green pepper;pimiento;lemon juice;thick white sauce;;;;;;;;;;;;
capers;heavy cream;tomato sauce;salt fresh pepper;butter;deep frying;macadamia nuts;fish stock;splash white wine;juice;trout filleted;;;;;;;;
onions;cloves garlic;olive;mandarines;chopped fresh parsley;piece fresh ginger;fish fillets;;;;;;;;;;;;
butter;almonds;paprika;cream mushroom soup;onion;rice;flounder fillets;water;lemon juice;spinach;rosemary;;;;;;;;
capers;olive;watercress leaves torn pieces;salt pepper;nicoise vinaigrette;nicoise olives;scallions wedges;anchovy fillets;rinsed minced;eight tuna steaks;cherry tomatoes;;;;;;;;
prepared mustard;cornmeal;black pepper;sherry;salt;;;;;;;;;;;;;;
ground black pepper;tuna steaks;salt;chicken broth;finely chopped fresh chives;lemon juice;country style dijon mustard;;;;;;;;;;;;
allspice;bluefish fillets;maple syrup;salt ground black pepper;cord;;;;;;;;;;;;;;
allspice;bluefish fillets;maple syrup;salt ground black pepper;cord;;;;;;;;;;;;;;
green beans;green olive;potato;;;;;;;;;;;;;;;;
ketchup;worcestershire sauce;vinegar;cayenne pepper;;;;;;;;;;;;;;;
shallots;bell peppers;tomatoes;margarine;worcestershire sauce;garlic head;flour;lemons;leaves;onion;water;snapper;oysters;celery stalks;mushrooms;parsley;;;
scallion;paste;butter;salt;flour;bass;stripped bass;onion;water;cornmeal;snapper;monkfish;vinegar;pepper;minutes;leaf;;;
yellow;snapper fillet;cloves garlic;coconut milk;salt;fresh;shredded fresh cilantro leaves;onion;quarter size slice fresh ginger;ground turmeric;cloves;freshly ground black pepper;green cardamom pods;canola;minced lemongrass;inch piece cinnamon stick;ground cumin;fresh lime wedges;
fresh snapper fillets;capers;large roma tomatoes;cloves garlic;butter;jalapeno peppers;green bell pepper;salt pepper;cinnamon;onion;purpose flour;lisa hlavaty fdgn81a;white wine;bell pepper;black olives;granulated sugar;leaf;;
shallots;worcestershire sauce;onions;cloves garlic;butter;fresh parsley;lemon;lemons;ribs celery;bell pepper;redfish;mushrooms;pimento stuffed olives;pickles;;;;;
onions;salt;chopped coriander leaves;lemon juice;firm fresh fish;green chillies finely chopped;;;;;;;;;;;;;
crawfish tails;onion chopped;fresh dill;olive;salt;garlic minced;tomatoes diced;water;honey;;;;;;;;;;
onion chopped;butter;clove garlic minced;olive;flour;celery chopped;salt;fish fillets chunk;crab meat;saffron;cayenne pepper;fish stock;oysters reserve liquid;leaf;shrimp peeled deveined;lemon juice;tomatoes canned;parsley;white wine
unsalted butter;celery stalk;salt;fish shellfish salmon;milk;bread crumbs;onion;purpose flour;cayenne pepper;finely chopped parsley;flavorless cooking;ground nutmeg;chopped chives;;;;;;
freshly ground pepper;butter;salt;flour;green onions sliced diagonal;vegetable;scallops;flounder fillets;fish stock;parchment paper;shrimp;mushrooms;yolks;parsley;white wine;;;;
bread cubes;worcestershire sauce;chopped onion;butter;salt;small shrimp;chopped celery;chopped green pepper;mayonnaise;crabmeat;;;;;;;;;
shallots;butter;pearl onions;milk;shark steaks pieces;zucchini pieces;orange zest;dried thyme;orange juice;oranges;peanut;;;;;;;;
lime;lemon;smoking wood;trout;;;;;;;;;;;;;;;
tomatoes;onions;butter;garlic cloves;trout;salt pepper taste;;;;;;;;;;;;;
maggie seasoning sauce;scallions;minced garlic;finely shredded fresh ginger roots;rice wine;salt pepper taste;thin sauce;bean sauce;sesame;teasponns sugar;cooking;fish fish;;;;;;;
smoked;fresh ginger root;salt;cornstarch;white;dried black mushrooms;water;sherry;pepper;stock;bamboo shoots;fish fillets;chinese cabbage;;;;;;
grated fresh ginger root;cilantro leaves;bell peppers;minced garlic;chilled shrimp scallops;kirby pickling cucumbers;water;cider vinegar;sliced scallions;smooth;sauce;;;;;;;;
thyme leaves;turmeric;ginger;garlic;pepper sauce;cocoanut milk;milk;cream celery soup;half half;shrimp;crabmeat;pepper flakes;creamy peanut butter;parsley;;;;;
ginger;chopped garlic;flour;filleted fish;sugar;salt pepper taste;vinegar;water;frying;tomato catsup;cornstarch;wine;;;;;;;
capers;unsalted butter;blac olive pesto;imported canned tuna oliv;high quality white bread;anchovies;;;;;;;;;;;;;
butter;cheddar cheese;flour;paprika;milk;tuna;cottage cheese;melted butter;bread;;;;;;;;;;
evaporated milk;cheddar cheese;wide noodles;cream celery soup;cracker crumbs;tuna;regular milk;;;;;;;;;;;;
velveeta pasteurized process cheese spread;kraft real mayonnaise;chopped celery;milk;tuna;corn chips;stuffed green olive slices;hard eggs;;;;;;;;;;;
garlic;navel oranges;inch thick tuna steak;chopped fresh thyme;freshly ground black pepper;orange juice concentrate;sauce;shiitake mushrooms;;;;;;;;;;;
finely chopped unpeeled apple;finely chopped celery;lemon flavored gelatin;milk;starkist tuna;boiling water;apple juice;reduced calorie mayonnaise;chopped pecans;;;;;;;;;;
finely chopped;pretzel twists;chopped green onions;cream celery soup;skim milk;dried basil;frozen broccoli florets;uncooked wide noodles;water packed tuna;;;;;;;;;;
fresh ginger;fish filets;chicken stock;cornstarch paste;sugar;cloud black fungus;thin sauce;sherry;sesame;szechwan soybean paste;;;;;;;;;
